"type","value","source"
"hash_sha256","08DB5BB9812F49F9394FD724B9196C7DC2F61B5BA1644DA65DB95AB6E430C92B","public"
"hash_sha256","10C3B3AB2E9CB618FC938028C9295AD5BDB1D836B8F07D65C0D3036DBC18BBB4","public"
"hash_sha256","15FB06DD570456F6C09395AA059AE1738FFE0AB11351D28306A904EC0C64924B","public"
"hash_sha256","164105513F7B83E60A79E8B6A23C2A6CDAAE7B0F7A105D8820C9DBF67ADA5C1C","public"
"hash_sha256","20E0DB1D2AD90BC46C7074C2CC116C2C08A8183F3AC6F357E7EBEE0C7CC02596","public"
"hash_sha256","30A5DF544F4A838F9C7CE34377ED2668E0BA22CC39D1E26B303781153808A2C4","public"
"hash_sha256","368769DF7D319371073F33C29AD0097FBE48E805630CF961B6F00AB2CCDDBB4C","public"
"hash_sha256","5D3A6340691840D1A87BFAB543FAEC77B4A9D457991DD938834DE820A99685F7","public"
"hash_sha256","60D57B977903D2F561682AD8F966FC4ADFFB571DAE77EEA5A61F7C89C3167004","public"
"hash_sha256","710E8C96875D6A3C1B4F08F4B2094C800658551065B20EF3FD450B210DCC7B9A","public"
"hash_sha256","7269B4BC6B3036E5A2F8C2A7908A439202CEE9C8B9E50B67C786C39F2500DF8F","public"
"hash_sha256","7946A2275C1C232EEBED6EAD95EA4723285950175586DB1F95354B910B0A3CCE","public"
"hash_sha256","8BEDF4F1BF3BEB8F0F4A9FB68A5F330C0F411B7D0C290CF8AB8548C4F8A3EB31","public"
"hash_sha256","8E8F463C37EA7133194731BFE4490E6713DD0133F30FE08A6D069D10FA7DB2C6","public"
"hash_sha256","941B0BB479946C833A0436ECB84B94C8468C86C40016F46029E8BF04A22A754E","public"
"hash_sha256","99EC6437F74EEC19E33C1A0B4AC8826BCC44848F87CD1A1C2B379FAE9DF62DE9","public"
"hash_sha256","A0EED0E1EF8FC4129F630E6F68C29C357C717DF0FE352961E92E7F8C93E5371B","public"
"hash_sha256","B5EAE8DE6F5445E06B99EB8B0927F9ABB9031519D772969BD13A7A0FB43EC067","public"
"hash_sha256","C60587964A93B650F3442589B05E9010A262B927D9B60065AFD8091ADA7799FE","public"
"hash_sha256","E00E9F9D8D3EA668FBC88ED25A9EEFB5B9D8D86A993FF78482500E99AE64351E","public"
"hash_sha256","E19CE3BD1CBD980082D3C55A4AC1EB3AF4D9E7ADF108AFB1861372F9C7FE0B76","public"
"domain","bulinouui.sbs","public"
"domain","cq1tw.icu","public"
"domain","cq1tw.top","public"
"domain","gaelh.cn","public"
"domain","gjqygs.cn","public"
"domain","jpjpz1.cc","public"
"domain","jpjpz1.top","public"
"domain","jpjpz1.vip","public"
"domain","jppjp.vip","public"
"domain","load.auraria.org","public"
"domain","qiqi1.xin","public"
"domain","sleepyduck.xyz","public"
"domain","twmm.shop","public"
"domain","twsw.cc","public"
"domain","twsww.xin","public"
"domain","twswzz.icu","public"
"domain","twswzz.xin","public"
"domain","wojkejys.lat","public"
"domain","xinwenwamg.net","public"
"domain","yuknkap4im65njr3tlprnpqwj4h7aal4hrn2tdieg75rpp6fx25hqbyd.onion","public"
"domain","z2tw.vip","public"
"domain","z2tw.xin","public"
"domain","zcqiyess.vip","public"
"domain","zxp0010w.vip","public"
"url","http://199cb150cec25af3132ddd4e47b37248.bulinouui.sbs","public"
"url","http://27160fcce1e199401dde5e01ce829006.ttcskhdl.lol","public"
"url","http://3381536ffe13739277b0a87c08a66596.bulinouui.sbs","public"
"url","http://53d9da1f7632f687dde3b0ec4df00710.bulinouui.sbs","public"
"url","http://twmm.shop","public"
"url","http://twswzz.icu","public"
"url","http://twswzz.xin","public"
"url","http://www.wojkejys.lat","public"
"url","https://11c979baeb8bddc12e79ad4def0964e94.bulinouui.sbs","public"
"url","https://5289c03d6d33ac4cf474de436f6bbf47.bulinouui.sbs","public"
"url","https://6358bdf15f655e7e305eacaf385cd12.bulinouui.sbs/?1d794ebf8cc16e0770adc215e34d26a0","public"
"url","https://cq1tw.icu/index.html","public"
"url","https://cq1tw.top/index.html","public"
"url","https://jpjpz1.top/index.html","public"
"url","https://jpjpz1.vip","public"
"url","https://qiqi1.xin/index.html","public"
"url","https://twsw.cc/download.html","public"
"url","https://twsww.xin/index.html","public"
"url","https://vip.gaelh.cn","public"
"url","https://www.bulinouui.sbs","public"
"url","https://xinwenwamg.net/index.html","public"
"url","https://z2tw.vip/index.html","public"
"url","https://z2tw.xin","public"
